_id,_index,_score,_source.User,_source.action,_source.alert,_source.device,_source.deviceID,_source.location,_source.status,_source.subject,_source.target,_source.target-deviceID,_source.time,_source.timestamp,_source.user,_type,DateTime
Tue Mar 20 2018 18:16:16 GMT+0000 (UTC),ifttt-2018-03-20,1.0,,,,,,,Locked,Lock1,,,,2018-03-20T18:16:16.658Z,,webhook,2018-03-20 18:16:16.658
Tue Mar 20 2018 18:16:17 GMT+0000 (UTC),ifttt-2018-03-20,1.0,,,,,,,Locked,Lock1,,,,2018-03-20T18:16:17.696Z,,webhook,2018-03-20 18:16:17.696
Tue Mar 20 2018 18:16:18 GMT+0000 (UTC),ifttt-2018-03-20,1.0,,,,,,,Locked,Lock1,,,,2018-03-20T18:16:18.707Z,,webhook,2018-03-20 18:16:18.707
Tue Mar 20 2018 18:16:19 GMT+0000 (UTC),ifttt-2018-03-20,1.0,,,,,,,Locked,Lock1,,,,2018-03-20T18:16:19.732Z,,webhook,2018-03-20 18:16:19.732
Tue Mar 20 2018 18:19:51 GMT+0000 (UTC),ifttt-2018-03-20,1.0,,,,,,,Unlocked,Lock1,,,,2018-03-20T18:19:51.759Z,,webhook,2018-03-20 18:19:51.759
Tue Mar 20 2018 18:19:52 GMT+0000 (UTC),ifttt-2018-03-20,1.0,,,,,,,Unlocked,Lock1,,,,2018-03-20T18:19:52.477Z,,webhook,2018-03-20 18:19:52.477
Tue Mar 20 2018 18:19:53 GMT+0000 (UTC),ifttt-2018-03-20,1.0,,,,,,,Unlocked,Lock1,,,,2018-03-20T18:19:53.620Z,,webhook,2018-03-20 18:19:53.620
Tue Mar 20 2018 18:19:54 GMT+0000 (UTC),ifttt-2018-03-20,1.0,,,,,,,Unlocked,Lock1,,,,2018-03-20T18:19:54.827Z,,webhook,2018-03-20 18:19:54.827
Tue Mar 20 2018 18:19:55 GMT+0000 (UTC),ifttt-2018-03-20,1.0,,,,,,,Unlocked,Lock1,,,,2018-03-20T18:19:55.332Z,,webhook,2018-03-20 18:19:55.332
Tue Mar 20 2018 18:39:10 GMT+0000 (UTC),ifttt-2018-03-20,1.0,,,,,,,Unlocked,Lock1,,,,2018-03-20T18:39:10.415Z,,webhook,2018-03-20 18:39:10.415
Tue Mar 20 2018 19:51:19 GMT+0000 (UTC),ifttt-2018-03-20,1.0,,,,,,,Locked,Lock1,,,,2018-03-20T19:51:19.786Z,,webhook,2018-03-20 19:51:19.786
Tue Mar 20 2018 19:51:36 GMT+0000 (UTC),ifttt-2018-03-20,1.0,,,,,,,Unlocked,Lock1,,,,2018-03-20T19:51:36.151Z,,webhook,2018-03-20 19:51:36.151
Tue Mar 20 2018 20:15:52 GMT+0000 (UTC),ifttt-2018-03-20,1.0,,,,,,,Locked,Lock1,,,,2018-03-20T20:15:52.181Z,,webhook,2018-03-20 20:15:52.181
Tue Mar 20 2018 20:19:45 GMT+0000 (UTC),ifttt-2018-03-20,1.0,,,,,,,Unlocked,Lock1,,,,2018-03-20T20:19:45.707Z,,webhook,2018-03-20 20:19:45.707
Wed Mar 21 2018 12:06:07 GMT+0000 (UTC),ifttt-2018-03-21,1.0,,,,,,,Unlocked,Lock1,,,,2018-03-21T12:06:07.704Z,,webhook,2018-03-21 12:06:07.704
Wed Mar 21 2018 12:06:09 GMT+0000 (UTC),ifttt-2018-03-21,1.0,,,,,,,Locked,Lock1,,,,2018-03-21T12:06:09.079Z,,webhook,2018-03-21 12:06:09.079
Wed Mar 21 2018 12:06:12 GMT+0000 (UTC),ifttt-2018-03-21,1.0,,,,,,,Unlocked,Lock1,,,,2018-03-21T12:06:12.998Z,,webhook,2018-03-21 12:06:12.998
Wed Mar 21 2018 13:31:49 GMT+0000 (UTC),ifttt-2018-03-21,1.0,,,,,,,Locked,Lock1,,,,2018-03-21T13:31:49.682Z,,webhook,2018-03-21 13:31:49.682
Wed Mar 21 2018 13:31:54 GMT+0000 (UTC),ifttt-2018-03-21,1.0,,,,,,,Unlocked,Lock1,,,,2018-03-21T13:31:54.664Z,,webhook,2018-03-21 13:31:54.664
Wed Mar 21 2018 13:53:07 GMT+0000 (UTC),ifttt-2018-03-21,1.0,,,,,,,Locked,Lock1,,,,2018-03-21T13:53:07.991Z,,webhook,2018-03-21 13:53:07.991
Wed Mar 21 2018 13:53:13 GMT+0000 (UTC),ifttt-2018-03-21,1.0,,,,,,,Unlocked,Lock1,,,,2018-03-21T13:53:13.404Z,,webhook,2018-03-21 13:53:13.404
Wed Mar 21 2018 15:22:51 GMT+0000 (UTC),ifttt-2018-03-21,1.0,,,,,,,Locked,Lock1,,,,2018-03-21T15:22:51.044Z,,webhook,2018-03-21 15:22:51.044
Wed Mar 21 2018 15:22:55 GMT+0000 (UTC),ifttt-2018-03-21,1.0,,,,,,,Unlocked,Lock1,,,,2018-03-21T15:22:55.969Z,,webhook,2018-03-21 15:22:55.969
Wed Mar 21 2018 15:28:54 GMT+0000 (UTC),ifttt-2018-03-21,1.0,,,,,,,Unlocked,Lock1,,,,2018-03-21T15:28:54.372Z,,webhook,2018-03-21 15:28:54.372
Wed Mar 21 2018 15:31:40 GMT+0000 (UTC),ifttt-2018-03-21,1.0,,,,,,,Unlocked,Lock1,,,,2018-03-21T15:31:40.155Z,,webhook,2018-03-21 15:31:40.155
Wed Mar 21 2018 15:36:23 GMT+0000 (UTC),ifttt-2018-03-21,1.0,,,,,,,Locked,Lock1,,,,2018-03-21T15:36:23.314Z,,webhook,2018-03-21 15:36:23.314
Wed Mar 21 2018 15:37:31 GMT+0000 (UTC),ifttt-2018-03-21,1.0,,,,,,,Unlocked,Lock1,,,,2018-03-21T15:37:31.622Z,,webhook,2018-03-21 15:37:31.622
Wed Mar 21 2018 18:30:51 GMT+0000 (UTC),ifttt-2018-03-21,1.0,,,,,,,Locked,Lock1,,,,2018-03-21T18:30:51.978Z,,webhook,2018-03-21 18:30:51.978
Wed Mar 21 2018 18:34:29 GMT+0000 (UTC),ifttt-2018-03-21,1.0,,,,,,,Unlocked,Lock1,,,,2018-03-21T18:34:29.005Z,,webhook,2018-03-21 18:34:29.005
Wed Mar 21 2018 19:01:18 GMT+0000 (UTC),ifttt-2018-03-21,1.0,,,,,,,Locked,Lock1,,,,2018-03-21T19:01:18.430Z,,webhook,2018-03-21 19:01:18.430
Wed Mar 21 2018 19:01:19 GMT+0000 (UTC),ifttt-2018-03-21,1.0,,,,,,,Locked,Lock1,,,,2018-03-21T19:01:19.009Z,,webhook,2018-03-21 19:01:19.009
Wed Mar 21 2018 19:04:19 GMT+0000 (UTC),ifttt-2018-03-21,1.0,,,,,,,Unlocked,Lock1,,,,2018-03-21T19:04:19.888Z,,webhook,2018-03-21 19:04:19.888
Wed Mar 21 2018 20:05:04 GMT+0000 (UTC),ifttt-2018-03-21,1.0,,,,,,,Locked,Lock1,,,,2018-03-21T20:05:04.250Z,,webhook,2018-03-21 20:05:04.250
Wed Mar 21 2018 20:12:50 GMT+0000 (UTC),ifttt-2018-03-21,1.0,,,,,,,Unlocked,Lock1,,,,2018-03-21T20:12:50.219Z,,webhook,2018-03-21 20:12:50.219
Wed Mar 21 2018 20:14:12 GMT+0000 (UTC),ifttt-2018-03-21,1.0,,,,,,,Locked,Lock1,,,,2018-03-21T20:14:12.157Z,,webhook,2018-03-21 20:14:12.157
Wed Mar 21 2018 20:14:40 GMT+0000 (UTC),ifttt-2018-03-21,1.0,,,,,,,Unlocked,Lock1,,,,2018-03-21T20:14:40.518Z,,webhook,2018-03-21 20:14:40.518
Thu Mar 22 2018 14:45:42 GMT+0000 (UTC),ifttt-2018-03-22,1.0,,,,Room1Lamp,,,Lamp turned off,,,, ,2018-03-22T14:45:42.482Z,,webhook,2018-03-22 14:45:42.482
Thu Mar 22 2018 14:47:02 GMT+0000 (UTC),ifttt-2018-03-22,1.0,,,,Room1Lamp,,,Lamp turned on,,,, ,2018-03-22T14:47:02.798Z,,webhook,2018-03-22 14:47:02.798
Thu Mar 22 2018 15:28:33 GMT+0000 (UTC),ifttt-2018-03-22,1.0,,,,Room1Plug1,,,Deactivated,,,, ,2018-03-22T15:28:33.980Z,,webhook,2018-03-22 15:28:33.980
Thu Mar 22 2018 15:34:26 GMT+0000 (UTC),ifttt-2018-03-22,1.0,,,,Room1Plug1,,,Deactivated,,,,,2018-03-22T15:34:26.180Z,,webhook,2018-03-22 15:34:26.180
Thu Mar 22 2018 15:41:08 GMT+0000 (UTC),ifttt-2018-03-22,1.0,,,,Room1Lamp,,,Activated,,,, ,2018-03-22T15:41:08.317Z,,webhook,2018-03-22 15:41:08.317
Thu Mar 22 2018 15:43:46 GMT+0000 (UTC),ifttt-2018-03-22,1.0,Manny Kin,,,FrontLock1,,,Locked,,,,"March 22, 2018 at 11:43AM",2018-03-22T15:43:46.108Z,,webhook,2018-03-22 15:43:46.108
Thu Mar 22 2018 15:43:56 GMT+0000 (UTC),ifttt-2018-03-22,1.0,,,,FrontLock1,,,Unlocked,,,," March 22, 2018 at 11:43AM",2018-03-22T15:43:56.011Z, Manny Kin,webhook,2018-03-22 15:43:56.011
Thu Mar 22 2018 16:05:26 GMT+0000 (UTC),ifttt-2018-03-22,1.0,,,,Room1Plug1,,,Activated,,,,,2018-03-22T16:05:26.597Z,,webhook,2018-03-22 16:05:26.597
Thu Mar 22 2018 16:45:50 GMT+0000 (UTC),ifttt-2018-03-22,1.0,,Voice Activation,,Alexa,10,,,,Room1Lamp,7,,2018-03-22T16:45:50.998Z,,webhook,2018-03-22 16:45:50.998
Thu Mar 22 2018 17:09:05 GMT+0000 (UTC),ifttt-2018-03-22,1.0,,,,Room1Plug2,,,Activated,,,, ,2018-03-22T17:09:05.716Z,,webhook,2018-03-22 17:09:05.716
Thu Mar 22 2018 17:28:18 GMT+0000 (UTC),ifttt-2018-03-22,1.0,,Voice Activation,,Alexa,10,,,,Room1Lamp,7,,2018-03-22T17:28:18.957Z,,webhook,2018-03-22 17:28:18.957
Thu Mar 22 2018 17:28:26 GMT+0000 (UTC),ifttt-2018-03-22,1.0,,Voice Deactivation,,Alexa,10,,,,Room1Lamp,7,,2018-03-22T17:28:26.673Z,,webhook,2018-03-22 17:28:26.673
Thu Mar 22 2018 18:03:18 GMT+0000 (UTC),ifttt-2018-03-22,1.0,Manny Kin,,,FrontLock1,,,Locked,,,,,2018-03-22T18:03:18.299Z,,webhook,2018-03-22 18:03:18.299
Thu Mar 22 2018 18:06:01 GMT+0000 (UTC),ifttt-2018-03-22,1.0,,,,FrontLock1,,,Unlocked,,,,,2018-03-22T18:06:01.768Z, Manny Kin,webhook,2018-03-22 18:06:01.768
Thu Mar 22 2018 18:06:13 GMT+0000 (UTC),ifttt-2018-03-22,1.0,Manny Kin,,,FrontLock1,,,Locked,,,,,2018-03-22T18:06:13.954Z,,webhook,2018-03-22 18:06:13.954
Thu Mar 22 2018 18:06:25 GMT+0000 (UTC),ifttt-2018-03-22,1.0,,,,FrontLock1,,,Unlocked,,,,,2018-03-22T18:06:25.016Z, Manny Kin,webhook,2018-03-22 18:06:25.016
Thu Mar 22 2018 18:06:30 GMT+0000 (UTC),ifttt-2018-03-22,1.0,Manny Kin,,,FrontLock1,,,Locked,,,,,2018-03-22T18:06:30.645Z,,webhook,2018-03-22 18:06:30.645
Thu Mar 22 2018 18:09:57 GMT+0000 (UTC),ifttt-2018-03-22,1.0,,,,FrontLock1,,,Unlocked,,,,,2018-03-22T18:09:57.504Z, Manny Kin,webhook,2018-03-22 18:09:57.504
Thu Mar 22 2018 18:10:03 GMT+0000 (UTC),ifttt-2018-03-22,1.0,Manny Kin,,,FrontLock1,,,Locked,,,,,2018-03-22T18:10:03.532Z,,webhook,2018-03-22 18:10:03.532
Thu Mar 22 2018 18:10:08 GMT+0000 (UTC),ifttt-2018-03-22,1.0,Manny Kin,,,FrontLock1,,,Locked,,,,,2018-03-22T18:10:08.948Z,,webhook,2018-03-22 18:10:08.948
Thu Mar 22 2018 18:10:21 GMT+0000 (UTC),ifttt-2018-03-22,1.0,,,,FrontLock1,,,Unlocked,,,,,2018-03-22T18:10:21.772Z, Manny Kin,webhook,2018-03-22 18:10:21.772
Thu Mar 22 2018 18:10:26 GMT+0000 (UTC),ifttt-2018-03-22,1.0,Manny Kin,,,FrontLock1,,,Locked,,,,,2018-03-22T18:10:26.999Z,,webhook,2018-03-22 18:10:26.999
Thu Mar 22 2018 18:10:32 GMT+0000 (UTC),ifttt-2018-03-22,1.0,,,,FrontLock1,,,Unlocked,,,,,2018-03-22T18:10:32.918Z, Manny Kin,webhook,2018-03-22 18:10:32.918
Thu Mar 22 2018 18:12:21 GMT+0000 (UTC),ifttt-2018-03-22,1.0,Manny Kin,,,FrontLock1,,,Locked,,,,,2018-03-22T18:12:21.745Z,,webhook,2018-03-22 18:12:21.745
Thu Mar 22 2018 18:12:27 GMT+0000 (UTC),ifttt-2018-03-22,1.0,Manny Kin,,,FrontLock1,,,Locked,,,,,2018-03-22T18:12:27.124Z,,webhook,2018-03-22 18:12:27.124
Thu Mar 22 2018 18:12:33 GMT+0000 (UTC),ifttt-2018-03-22,1.0,,,,FrontLock1,,,Unlocked,,,,,2018-03-22T18:12:33.003Z, Manny Kin,webhook,2018-03-22 18:12:33.003
Thu Mar 22 2018 18:12:39 GMT+0000 (UTC),ifttt-2018-03-22,1.0,Manny Kin,,,FrontLock1,,,Locked,,,,,2018-03-22T18:12:39.082Z,,webhook,2018-03-22 18:12:39.082
Thu Mar 22 2018 18:12:45 GMT+0000 (UTC),ifttt-2018-03-22,1.0,Manny Kin,,,FrontLock1,,,Locked,,,,,2018-03-22T18:12:45.038Z,,webhook,2018-03-22 18:12:45.038
Thu Mar 22 2018 18:13:22 GMT+0000 (UTC),ifttt-2018-03-22,1.0,,,,FrontLock1,,,Unlocked,,,,,2018-03-22T18:13:22.065Z, Manny Kin,webhook,2018-03-22 18:13:22.065
Thu Mar 22 2018 18:13:34 GMT+0000 (UTC),ifttt-2018-03-22,1.0,Manny Kin,,,FrontLock1,,,Locked,,,,,2018-03-22T18:13:34.521Z,,webhook,2018-03-22 18:13:34.521
Thu Mar 22 2018 18:27:21 GMT+0000 (UTC),ifttt-2018-03-22,1.0,,,,FrontLock1,,,Unlocked,,,,,2018-03-22T18:27:21.749Z, Manny Kin,webhook,2018-03-22 18:27:21.749
Thu Mar 22 2018 18:27:39 GMT+0000 (UTC),ifttt-2018-03-22,1.0,Manny Kin,,,FrontLock1,,,Locked,,,,,2018-03-22T18:27:39.912Z,,webhook,2018-03-22 18:27:39.912
Thu Mar 22 2018 18:28:58 GMT+0000 (UTC),ifttt-2018-03-22,1.0,,,,FrontLock1,,,Unlocked,,,,,2018-03-22T18:28:58.279Z, Manny Kin,webhook,2018-03-22 18:28:58.279
Thu Mar 22 2018 18:29:19 GMT+0000 (UTC),ifttt-2018-03-22,1.0,Manny Kin,,,FrontLock1,,,Locked,,,,,2018-03-22T18:29:19.820Z,,webhook,2018-03-22 18:29:19.820
Thu Mar 22 2018 18:30:11 GMT+0000 (UTC),ifttt-2018-03-22,1.0,,,,FrontLock1,,,Unlocked,,,,,2018-03-22T18:30:11.492Z, Manny Kin,webhook,2018-03-22 18:30:11.492
Thu Mar 22 2018 18:30:25 GMT+0000 (UTC),ifttt-2018-03-22,1.0,Manny Kin,,,FrontLock1,,,Locked,,,,,2018-03-22T18:30:25.651Z,,webhook,2018-03-22 18:30:25.651
Thu Mar 22 2018 18:31:42 GMT+0000 (UTC),ifttt-2018-03-22,1.0,,,,FrontLock1,,,Unlocked,,,,,2018-03-22T18:31:42.130Z, Manny Kin,webhook,2018-03-22 18:31:42.130
Thu Mar 22 2018 18:31:46 GMT+0000 (UTC),ifttt-2018-03-22,1.0,Manny Kin,,,FrontLock1,,,Locked,,,,,2018-03-22T18:31:46.750Z,,webhook,2018-03-22 18:31:46.750
Thu Mar 22 2018 18:31:50 GMT+0000 (UTC),ifttt-2018-03-22,1.0,Manny Kin,,,FrontLock1,,,Locked,,,,,2018-03-22T18:31:50.793Z,,webhook,2018-03-22 18:31:50.793
Thu Mar 22 2018 18:31:51 GMT+0000 (UTC),ifttt-2018-03-22,1.0,,,,FrontLock1,,,Unlocked,,,,,2018-03-22T18:31:51.050Z, Manny Kin,webhook,2018-03-22 18:31:51.050
Thu Mar 22 2018 18:31:56 GMT+0000 (UTC),ifttt-2018-03-22,1.0,,,,FrontLock1,,,Unlocked,,,,,2018-03-22T18:31:56.676Z, Manny Kin,webhook,2018-03-22 18:31:56.676
Thu Mar 22 2018 18:32:02 GMT+0000 (UTC),ifttt-2018-03-22,1.0,,,,FrontLock1,,,Unlocked,,,,,2018-03-22T18:32:02.985Z, Manny Kin,webhook,2018-03-22 18:32:02.985
Thu Mar 22 2018 18:32:08 GMT+0000 (UTC),ifttt-2018-03-22,1.0,,,,FrontLock1,,,Unlocked,,,,,2018-03-22T18:32:08.636Z, Manny Kin,webhook,2018-03-22 18:32:08.636
Thu Mar 22 2018 18:32:10 GMT+0000 (UTC),ifttt-2018-03-22,1.0,Manny Kin,,,FrontLock1,,,Locked,,,,,2018-03-22T18:32:10.051Z,,webhook,2018-03-22 18:32:10.051
Thu Mar 22 2018 18:32:15 GMT+0000 (UTC),ifttt-2018-03-22,1.0,Manny Kin,,,FrontLock1,,,Locked,,,,,2018-03-22T18:32:15.055Z,,webhook,2018-03-22 18:32:15.055
Thu Mar 22 2018 18:34:05 GMT+0000 (UTC),ifttt-2018-03-22,1.0,,,,FrontLock1,,,Unlocked,,,,,2018-03-22T18:34:05.220Z, Manny Kin,webhook,2018-03-22 18:34:05.220
Thu Mar 22 2018 18:34:10 GMT+0000 (UTC),ifttt-2018-03-22,1.0,Manny Kin,,,FrontLock1,,,Locked,,,,,2018-03-22T18:34:10.837Z,,webhook,2018-03-22 18:34:10.837
Thu Mar 22 2018 18:34:16 GMT+0000 (UTC),ifttt-2018-03-22,1.0,Manny Kin,,,FrontLock1,,,Locked,,,,,2018-03-22T18:34:16.946Z,,webhook,2018-03-22 18:34:16.946
Thu Mar 22 2018 18:34:17 GMT+0000 (UTC),ifttt-2018-03-22,1.0,,,,FrontLock1,,,Unlocked,,,,,2018-03-22T18:34:17.116Z, Manny Kin,webhook,2018-03-22 18:34:17.116
Thu Mar 22 2018 18:34:22 GMT+0000 (UTC),ifttt-2018-03-22,1.0,,,,FrontLock1,,,Unlocked,,,,,2018-03-22T18:34:22.885Z, Manny Kin,webhook,2018-03-22 18:34:22.885
Thu Mar 22 2018 18:34:24 GMT+0000 (UTC),ifttt-2018-03-22,1.0,Manny Kin,,,FrontLock1,,,Locked,,,,,2018-03-22T18:34:24.134Z,,webhook,2018-03-22 18:34:24.134
Thu Mar 22 2018 18:34:28 GMT+0000 (UTC),ifttt-2018-03-22,1.0,Manny Kin,,,FrontLock1,,,Locked,,,,,2018-03-22T18:34:28.824Z,,webhook,2018-03-22 18:34:28.824
Thu Mar 22 2018 18:34:34 GMT+0000 (UTC),ifttt-2018-03-22,1.0,Manny Kin,,,FrontLock1,,,Locked,,,,,2018-03-22T18:34:34.678Z,,webhook,2018-03-22 18:34:34.678
Thu Mar 22 2018 18:35:24 GMT+0000 (UTC),ifttt-2018-03-22,1.0,,,,FrontLock1,,,Unlocked,,,,,2018-03-22T18:35:24.412Z, Manny Kin,webhook,2018-03-22 18:35:24.412
Thu Mar 22 2018 18:35:29 GMT+0000 (UTC),ifttt-2018-03-22,1.0,Manny Kin,,,FrontLock1,,,Locked,,,,,2018-03-22T18:35:29.194Z,,webhook,2018-03-22 18:35:29.194
Thu Mar 22 2018 18:35:35 GMT+0000 (UTC),ifttt-2018-03-22,1.0,,,,FrontLock1,,,Unlocked,,,,,2018-03-22T18:35:35.134Z, Manny Kin,webhook,2018-03-22 18:35:35.134
Thu Mar 22 2018 18:35:40 GMT+0000 (UTC),ifttt-2018-03-22,1.0,,,,FrontLock1,,,Unlocked,,,,,2018-03-22T18:35:40.998Z, Manny Kin,webhook,2018-03-22 18:35:40.998
Thu Mar 22 2018 18:35:46 GMT+0000 (UTC),ifttt-2018-03-22,1.0,Manny Kin,,,FrontLock1,,,Locked,,,,,2018-03-22T18:35:46.922Z,,webhook,2018-03-22 18:35:46.922
Thu Mar 22 2018 18:35:47 GMT+0000 (UTC),ifttt-2018-03-22,1.0,,,,FrontLock1,,,Unlocked,,,,,2018-03-22T18:35:47.139Z, Manny Kin,webhook,2018-03-22 18:35:47.139
Thu Mar 22 2018 18:35:53 GMT+0000 (UTC),ifttt-2018-03-22,1.0,Manny Kin,,,FrontLock1,,,Locked,,,,,2018-03-22T18:35:53.249Z,,webhook,2018-03-22 18:35:53.249
Thu Mar 22 2018 18:35:59 GMT+0000 (UTC),ifttt-2018-03-22,1.0,Manny Kin,,,FrontLock1,,,Locked,,,,,2018-03-22T18:35:59.433Z,,webhook,2018-03-22 18:35:59.433
Thu Mar 22 2018 18:38:44 GMT+0000 (UTC),ifttt-2018-03-22,1.0,,,,FrontLock1,,,Unlocked,,,,,2018-03-22T18:38:44.086Z, Manny Kin,webhook,2018-03-22 18:38:44.086
Thu Mar 22 2018 18:38:49 GMT+0000 (UTC),ifttt-2018-03-22,1.0,Manny Kin,,,FrontLock1,,,Locked,,,,,2018-03-22T18:38:49.323Z,,webhook,2018-03-22 18:38:49.323
Thu Mar 22 2018 18:38:55 GMT+0000 (UTC),ifttt-2018-03-22,1.0,,,,FrontLock1,,,Unlocked,,,,,2018-03-22T18:38:55.413Z, Manny Kin,webhook,2018-03-22 18:38:55.413
Thu Mar 22 2018 18:39:01 GMT+0000 (UTC),ifttt-2018-03-22,1.0,,,,FrontLock1,,,Unlocked,,,,,2018-03-22T18:39:01.680Z, Manny Kin,webhook,2018-03-22 18:39:01.680
Thu Mar 22 2018 18:39:07 GMT+0000 (UTC),ifttt-2018-03-22,1.0,Manny Kin,,,FrontLock1,,,Locked,,,,,2018-03-22T18:39:07.383Z,,webhook,2018-03-22 18:39:07.383
Thu Mar 22 2018 18:39:13 GMT+0000 (UTC),ifttt-2018-03-22,1.0,,,,FrontLock1,,,Unlocked,,,,,2018-03-22T18:39:13.351Z, Manny Kin,webhook,2018-03-22 18:39:13.351
Thu Mar 22 2018 18:39:19 GMT+0000 (UTC),ifttt-2018-03-22,1.0,Manny Kin,,,FrontLock1,,,Locked,,,,,2018-03-22T18:39:19.281Z,,webhook,2018-03-22 18:39:19.281
Thu Mar 22 2018 18:50:51 GMT+0000 (UTC),ifttt-2018-03-22,1.0,,Voice Activation,,Alexa,10,,,,Room1Lamp,7,,2018-03-22T18:50:51.790Z,,webhook,2018-03-22 18:50:51.790
Thu Mar 22 2018 18:51:01 GMT+0000 (UTC),ifttt-2018-03-22,1.0,,Voice Deactivation,,Alexa,10,,,,Room1Lamp,7,,2018-03-22T18:51:01.329Z,,webhook,2018-03-22 18:51:01.329
Thu Mar 22 2018 18:53:55 GMT+0000 (UTC),ifttt-2018-03-22,1.0,,Voice Activation,,Alexa,10,,,,Room1Lamp,7,,2018-03-22T18:53:55.323Z,,webhook,2018-03-22 18:53:55.323
Thu Mar 22 2018 18:54:03 GMT+0000 (UTC),ifttt-2018-03-22,1.0,,Voice Deactivation,,Alexa,10,,,,Room1Lamp,7,,2018-03-22T18:54:03.266Z,,webhook,2018-03-22 18:54:03.266
Thu Mar 22 2018 18:54:12 GMT+0000 (UTC),ifttt-2018-03-22,1.0,,Voice Activation,,Alexa,10,,,,Room1Lamp,7,,2018-03-22T18:54:12.307Z,,webhook,2018-03-22 18:54:12.307
Thu Mar 22 2018 18:54:17 GMT+0000 (UTC),ifttt-2018-03-22,1.0,,Voice Deactivation,,Alexa,10,,,,Room1Lamp,7,,2018-03-22T18:54:17.555Z,,webhook,2018-03-22 18:54:17.555
Thu Mar 22 2018 18:58:34 GMT+0000 (UTC),ifttt-2018-03-22,1.0,,,,Room1Lamp,,,Activated,,,,,2018-03-22T18:58:34.223Z,,webhook,2018-03-22 18:58:34.223
Thu Mar 22 2018 19:02:59 GMT+0000 (UTC),ifttt-2018-03-22,1.0,,,,Room1Lamp,,,Activated,,,,,2018-03-22T19:02:59.718Z,,webhook,2018-03-22 19:02:59.718
Thu Mar 22 2018 19:23:14 GMT+0000 (UTC),ifttt-2018-03-22,1.0,,,,Room1Plug2,,,Activated,,,, ,2018-03-22T19:23:14.124Z,,webhook,2018-03-22 19:23:14.124
Thu Mar 22 2018 19:29:12 GMT+0000 (UTC),ifttt-2018-03-22,1.0,,Voice Activation,,Alexa,10,,,,Room1Plug1,8,,2018-03-22T19:29:12.415Z,,webhook,2018-03-22 19:29:12.415
Thu Mar 22 2018 19:29:41 GMT+0000 (UTC),ifttt-2018-03-22,1.0,,Voice Deactivation,,Alexa,10,,,,Room1Plug1,8,,2018-03-22T19:29:41.656Z,,webhook,2018-03-22 19:29:41.656
Thu Mar 22 2018 19:29:50 GMT+0000 (UTC),ifttt-2018-03-22,1.0,,Voice Deactivation,,Alexa,10,,,,Room1Plug1,8,,2018-03-22T19:29:50.841Z,,webhook,2018-03-22 19:29:50.841
Thu Mar 22 2018 19:35:20 GMT+0000 (UTC),ifttt-2018-03-22,1.0,,,,Room1Lamp,,,Activated,,,,,2018-03-22T19:35:20.408Z,,webhook,2018-03-22 19:35:20.408
Thu Mar 22 2018 19:35:33 GMT+0000 (UTC),ifttt-2018-03-22,1.0,,Voice Deactivation,,Alexa,10,,,,Room1Lamp,7,,2018-03-22T19:35:33.416Z,,webhook,2018-03-22 19:35:33.416
Thu Mar 22 2018 19:37:16 GMT+0000 (UTC),ifttt-2018-03-22,1.0,,,,Room1Plug1,,,Deactivated,,,,,2018-03-22T19:37:16.972Z,,webhook,2018-03-22 19:37:16.972
Thu Mar 22 2018 19:52:19 GMT+0000 (UTC),ifttt-2018-03-22,1.0,,,,Room1Plug1,,,Deactivated,,,,,2018-03-22T19:52:19.391Z,,webhook,2018-03-22 19:52:19.391
Thu Mar 22 2018 20:23:42 GMT+0000 (UTC),ifttt-2018-03-22,1.0,,,,Room1Plug2,,,Activated,,,, ,2018-03-22T20:23:42.728Z,,webhook,2018-03-22 20:23:42.728
Thu Mar 22 2018 20:52:55 GMT+0000 (UTC),ifttt-2018-03-22,1.0,,,,Room1Plug1,,,Deactivated,,,,,2018-03-22T20:52:55.933Z,,webhook,2018-03-22 20:52:55.933
Thu Mar 22 2018 23:07:33 GMT+0000 (UTC),ifttt-2018-03-22,1.0,,,,Room1Plug1,,,Deactivated,,,,,2018-03-22T23:07:33.744Z,,webhook,2018-03-22 23:07:33.744
Thu Mar 22 2018 23:38:18 GMT+0000 (UTC),ifttt-2018-03-22,1.0,,,,Room1Plug2,,,Activated,,,, ,2018-03-22T23:38:18.447Z,,webhook,2018-03-22 23:38:18.447
Fri Mar 23 2018 00:22:12 GMT+0000 (UTC),ifttt-2018-03-23,1.0,,,,Room1Plug1,,,Deactivated,,,,,2018-03-23T00:22:12.460Z,,webhook,2018-03-23 00:22:12.460
Fri Mar 23 2018 01:22:16 GMT+0000 (UTC),ifttt-2018-03-23,1.0,,,,Room1Plug1,,,Deactivated,,,,,2018-03-23T01:22:16.927Z,,webhook,2018-03-23 01:22:16.927
Fri Mar 23 2018 02:22:25 GMT+0000 (UTC),ifttt-2018-03-23,1.0,,,,Room1Plug1,,,Deactivated,,,,,2018-03-23T02:22:25.325Z,,webhook,2018-03-23 02:22:25.325
Fri Mar 23 2018 03:37:16 GMT+0000 (UTC),ifttt-2018-03-23,1.0,,,,Room1Plug1,,,Deactivated,,,,,2018-03-23T03:37:16.176Z,,webhook,2018-03-23 03:37:16.176
Fri Mar 23 2018 04:37:47 GMT+0000 (UTC),ifttt-2018-03-23,1.0,,,,Room1Plug1,,,Deactivated,,,,,2018-03-23T04:37:47.802Z,,webhook,2018-03-23 04:37:47.802
Fri Mar 23 2018 04:53:21 GMT+0000 (UTC),ifttt-2018-03-23,1.0,,,,Room1Plug2,,,Activated,,,, ,2018-03-23T04:53:21.083Z,,webhook,2018-03-23 04:53:21.083
Fri Mar 23 2018 05:52:28 GMT+0000 (UTC),ifttt-2018-03-23,1.0,,,,Room1Plug1,,,Deactivated,,,,,2018-03-23T05:52:28.885Z,,webhook,2018-03-23 05:52:28.885
Fri Mar 23 2018 07:07:31 GMT+0000 (UTC),ifttt-2018-03-23,1.0,,,,Room1Plug1,,,Deactivated,,,,,2018-03-23T07:07:31.608Z,,webhook,2018-03-23 07:07:31.608
Fri Mar 23 2018 08:08:05 GMT+0000 (UTC),ifttt-2018-03-23,1.0,,,,Room1Plug2,,,Activated,,,, ,2018-03-23T08:08:05.498Z,,webhook,2018-03-23 08:08:05.498
Fri Mar 23 2018 08:22:11 GMT+0000 (UTC),ifttt-2018-03-23,1.0,,,,Room1Plug1,,,Deactivated,,,,,2018-03-23T08:22:11.555Z,,webhook,2018-03-23 08:22:11.555
Fri Mar 23 2018 09:08:06 GMT+0000 (UTC),ifttt-2018-03-23,1.0,,,,Room1Plug2,,,Activated,,,, ,2018-03-23T09:08:06.922Z,,webhook,2018-03-23 09:08:06.922
Fri Mar 23 2018 09:37:26 GMT+0000 (UTC),ifttt-2018-03-23,1.0,,,,Room1Plug1,,,Deactivated,,,,,2018-03-23T09:37:26.707Z,,webhook,2018-03-23 09:37:26.707
Fri Mar 23 2018 10:08:08 GMT+0000 (UTC),ifttt-2018-03-23,1.0,,,,Room1Plug2,,,Activated,,,, ,2018-03-23T10:08:08.217Z,,webhook,2018-03-23 10:08:08.217
Fri Mar 23 2018 10:52:10 GMT+0000 (UTC),ifttt-2018-03-23,1.0,,,,Room1Plug1,,,Deactivated,,,,,2018-03-23T10:52:10.392Z,,webhook,2018-03-23 10:52:10.392
Fri Mar 23 2018 11:08:41 GMT+0000 (UTC),ifttt-2018-03-23,1.0,,,,Room1Plug2,,,Activated,,,, ,2018-03-23T11:08:41.868Z,,webhook,2018-03-23 11:08:41.868
Fri Mar 23 2018 12:07:25 GMT+0000 (UTC),ifttt-2018-03-23,1.0,,,,Room1Plug1,,,Deactivated,,,,,2018-03-23T12:07:25.171Z,,webhook,2018-03-23 12:07:25.171
Fri Mar 23 2018 13:07:32 GMT+0000 (UTC),ifttt-2018-03-23,1.0,,,,Room1Plug1,,,Deactivated,,,,,2018-03-23T13:07:32.942Z,,webhook,2018-03-23 13:07:32.942
Fri Mar 23 2018 14:23:06 GMT+0000 (UTC),ifttt-2018-03-23,1.0,,,,Room1Plug1,,,Deactivated,,,,,2018-03-23T14:23:06.633Z,,webhook,2018-03-23 14:23:06.633
Fri Mar 23 2018 15:23:23 GMT+0000 (UTC),ifttt-2018-03-23,1.0,,,,Room1Plug2,,,Activated,,,, ,2018-03-23T15:23:23.994Z,,webhook,2018-03-23 15:23:23.994
Fri Mar 23 2018 15:24:21 GMT+0000 (UTC),ifttt-2018-03-23,1.0,,,,Room1Plug1,,,Deactivated,,,,,2018-03-23T15:24:21.063Z,,webhook,2018-03-23 15:24:21.063
Fri Mar 23 2018 16:24:28 GMT+0000 (UTC),ifttt-2018-03-23,1.0,,,,Room1Plug2,,,Activated,,,, ,2018-03-23T16:24:28.034Z,,webhook,2018-03-23 16:24:28.034
Fri Mar 23 2018 16:26:12 GMT+0000 (UTC),ifttt-2018-03-23,1.0,,,,Room1Plug1,,,Deactivated,,,,,2018-03-23T16:26:12.358Z,,webhook,2018-03-23 16:26:12.358
Fri Mar 23 2018 17:37:08 GMT+0000 (UTC),ifttt-2018-03-23,1.0,,,,Room1Plug1,,,Deactivated,,,,,2018-03-23T17:37:08.470Z,,webhook,2018-03-23 17:37:08.470
Fri Mar 23 2018 18:11:58 GMT+0000 (UTC),ifttt-2018-03-23,1.0,,Voice Activation,,Alexa,10,,,,Room1Lamp,7,,2018-03-23T18:11:58.607Z,,webhook,2018-03-23 18:11:58.607
Fri Mar 23 2018 18:12:47 GMT+0000 (UTC),ifttt-2018-03-23,1.0,,Voice Deactivation,,Alexa,10,,,,Room1Lamp,7,,2018-03-23T18:12:47.197Z,,webhook,2018-03-23 18:12:47.197
Fri Mar 23 2018 18:37:13 GMT+0000 (UTC),ifttt-2018-03-23,1.0,,,,FrontLock1,,,Unlocked,,,,,2018-03-23T18:37:13.112Z, Manny Kin,webhook,2018-03-23 18:37:13.112
Fri Mar 23 2018 18:37:20 GMT+0000 (UTC),ifttt-2018-03-23,1.0,,,,Room1Plug1,,,Deactivated,,,,,2018-03-23T18:37:20.626Z,,webhook,2018-03-23 18:37:20.626
Fri Mar 23 2018 18:37:25 GMT+0000 (UTC),ifttt-2018-03-23,1.0,Manny Kin,,,FrontLock1,,,Locked,,,,,2018-03-23T18:37:25.887Z,,webhook,2018-03-23 18:37:25.887
Fri Mar 23 2018 18:43:57 GMT+0000 (UTC),ifttt-2018-03-23,1.0,,Voice Activation,,Alexa,10,,,,Room1Lamp,7,,2018-03-23T18:43:57.213Z,,webhook,2018-03-23 18:43:57.213
Fri Mar 23 2018 19:10:54 GMT+0000 (UTC),ifttt-2018-03-23,1.0,,Voice Deactivation,,Alexa,10,,,,Room1Lamp,7,,2018-03-23T19:10:54.595Z,,webhook,2018-03-23 19:10:54.595
Fri Mar 23 2018 19:38:28 GMT+0000 (UTC),ifttt-2018-03-23,1.0,,,,Room1Plug2,,,Activated,,,, ,2018-03-23T19:38:28.644Z,,webhook,2018-03-23 19:38:28.644
Fri Mar 23 2018 20:07:19 GMT+0000 (UTC),ifttt-2018-03-23,1.0,,,,Room1Plug1,,,Deactivated,,,,,2018-03-23T20:07:19.716Z,,webhook,2018-03-23 20:07:19.716
Fri Mar 23 2018 21:07:22 GMT+0000 (UTC),ifttt-2018-03-23,1.0,,,,Room1Plug1,,,Deactivated,,,,,2018-03-23T21:07:22.768Z,,webhook,2018-03-23 21:07:22.768
Fri Mar 23 2018 21:53:10 GMT+0000 (UTC),ifttt-2018-03-23,1.0,,,,Room1Plug2,,,Activated,,,, ,2018-03-23T21:53:10.397Z,,webhook,2018-03-23 21:53:10.397
Fri Mar 23 2018 22:07:25 GMT+0000 (UTC),ifttt-2018-03-23,1.0,,,,Room1Plug1,,,Deactivated,,,,,2018-03-23T22:07:25.715Z,,webhook,2018-03-23 22:07:25.715
Fri Mar 23 2018 23:22:12 GMT+0000 (UTC),ifttt-2018-03-23,1.0,,,,Room1Plug1,,,Deactivated,,,,,2018-03-23T23:22:12.848Z,,webhook,2018-03-23 23:22:12.848
Sat Mar 24 2018 00:24:47 GMT+0000 (UTC),ifttt-2018-03-24,1.0,,,,Room1Plug1,,,Deactivated,,,,,2018-03-24T00:24:47.339Z,,webhook,2018-03-24 00:24:47.339
Sat Mar 24 2018 01:08:03 GMT+0000 (UTC),ifttt-2018-03-24,1.0,,,,Room1Plug2,,,Activated,,,, ,2018-03-24T01:08:03.337Z,,webhook,2018-03-24 01:08:03.337
Sat Mar 24 2018 01:37:12 GMT+0000 (UTC),ifttt-2018-03-24,1.0,,,,Room1Plug1,,,Deactivated,,,,,2018-03-24T01:37:12.649Z,,webhook,2018-03-24 01:37:12.649
Sat Mar 24 2018 02:08:19 GMT+0000 (UTC),ifttt-2018-03-24,1.0,,,,Room1Plug2,,,Activated,,,, ,2018-03-24T02:08:19.327Z,,webhook,2018-03-24 02:08:19.327
Sat Mar 24 2018 02:37:21 GMT+0000 (UTC),ifttt-2018-03-24,1.0,,,,Room1Plug1,,,Deactivated,,,,,2018-03-24T02:37:21.642Z,,webhook,2018-03-24 02:37:21.642
Sat Mar 24 2018 03:52:06 GMT+0000 (UTC),ifttt-2018-03-24,1.0,,,,Room1Plug1,,,Deactivated,,,,,2018-03-24T03:52:06.450Z,,webhook,2018-03-24 03:52:06.450
Sat Mar 24 2018 04:23:17 GMT+0000 (UTC),ifttt-2018-03-24,1.0,,,,Room1Plug2,,,Activated,,,, ,2018-03-24T04:23:17.780Z,,webhook,2018-03-24 04:23:17.780
Sat Mar 24 2018 04:52:18 GMT+0000 (UTC),ifttt-2018-03-24,1.0,,,,Room1Plug1,,,Deactivated,,,,,2018-03-24T04:52:18.958Z,,webhook,2018-03-24 04:52:18.958
Sat Mar 24 2018 06:08:12 GMT+0000 (UTC),ifttt-2018-03-24,1.0,,,,Room1Plug1,,,Deactivated,,,,,2018-03-24T06:08:12.549Z,,webhook,2018-03-24 06:08:12.549
Sat Mar 24 2018 06:38:11 GMT+0000 (UTC),ifttt-2018-03-24,1.0,,,,Room1Plug2,,,Activated,,,, ,2018-03-24T06:38:11.734Z,,webhook,2018-03-24 06:38:11.734
Sat Mar 24 2018 07:22:05 GMT+0000 (UTC),ifttt-2018-03-24,1.0,,,,Room1Plug1,,,Deactivated,,,,,2018-03-24T07:22:05.636Z,,webhook,2018-03-24 07:22:05.636
Sat Mar 24 2018 07:38:27 GMT+0000 (UTC),ifttt-2018-03-24,1.0,,,,Room1Plug2,,,Activated,,,, ,2018-03-24T07:38:27.309Z,,webhook,2018-03-24 07:38:27.309
Sat Mar 24 2018 08:37:25 GMT+0000 (UTC),ifttt-2018-03-24,1.0,,,,Room1Plug1,,,Deactivated,,,,,2018-03-24T08:37:25.159Z,,webhook,2018-03-24 08:37:25.159
Sat Mar 24 2018 08:38:37 GMT+0000 (UTC),ifttt-2018-03-24,1.0,,,,Room1Plug2,,,Activated,,,, ,2018-03-24T08:38:37.651Z,,webhook,2018-03-24 08:38:37.651
Sat Mar 24 2018 09:52:03 GMT+0000 (UTC),ifttt-2018-03-24,1.0,,,,Room1Plug1,,,Deactivated,,,,,2018-03-24T09:52:03.912Z,,webhook,2018-03-24 09:52:03.912
Sat Mar 24 2018 10:52:08 GMT+0000 (UTC),ifttt-2018-03-24,1.0,,,,Room1Plug1,,,Deactivated,,,,,2018-03-24T10:52:08.286Z,,webhook,2018-03-24 10:52:08.286
Sat Mar 24 2018 11:52:13 GMT+0000 (UTC),ifttt-2018-03-24,1.0,,,,Room1Plug1,,,Deactivated,,,,,2018-03-24T11:52:13.589Z,,webhook,2018-03-24 11:52:13.589
Sat Mar 24 2018 11:53:17 GMT+0000 (UTC),ifttt-2018-03-24,1.0,,,,Room1Plug2,,,Activated,,,, ,2018-03-24T11:53:17.517Z,,webhook,2018-03-24 11:53:17.517
Sat Mar 24 2018 12:52:36 GMT+0000 (UTC),ifttt-2018-03-24,1.0,,,,Room1Plug1,,,Deactivated,,,,,2018-03-24T12:52:36.031Z,,webhook,2018-03-24 12:52:36.031
Sat Mar 24 2018 14:07:12 GMT+0000 (UTC),ifttt-2018-03-24,1.0,,,,Room1Plug1,,,Deactivated,,,,,2018-03-24T14:07:12.477Z,,webhook,2018-03-24 14:07:12.477
Sat Mar 24 2018 16:08:35 GMT+0000 (UTC),ifttt-2018-03-24,1.0,,,,Room1Plug1,,,Deactivated,,,,,2018-03-24T16:08:35.516Z,,webhook,2018-03-24 16:08:35.516
Sat Mar 24 2018 16:09:24 GMT+0000 (UTC),ifttt-2018-03-24,1.0,,,,Room1Plug2,,,Activated,,,, ,2018-03-24T16:09:24.910Z,,webhook,2018-03-24 16:09:24.910
Sat Mar 24 2018 17:22:11 GMT+0000 (UTC),ifttt-2018-03-24,1.0,,,,Room1Plug1,,,Deactivated,,,,,2018-03-24T17:22:11.036Z,,webhook,2018-03-24 17:22:11.036
Sat Mar 24 2018 18:22:17 GMT+0000 (UTC),ifttt-2018-03-24,1.0,,,,Room1Plug1,,,Deactivated,,,,,2018-03-24T18:22:17.645Z,,webhook,2018-03-24 18:22:17.645
Sat Mar 24 2018 18:23:39 GMT+0000 (UTC),ifttt-2018-03-24,1.0,,,,Room1Plug2,,,Activated,,,, ,2018-03-24T18:23:39.696Z,,webhook,2018-03-24 18:23:39.696
Sat Mar 24 2018 19:37:15 GMT+0000 (UTC),ifttt-2018-03-24,1.0,,,,Room1Plug1,,,Deactivated,,,,,2018-03-24T19:37:15.743Z,,webhook,2018-03-24 19:37:15.743
Sat Mar 24 2018 20:37:25 GMT+0000 (UTC),ifttt-2018-03-24,1.0,,,,Room1Plug1,,,Deactivated,,,,,2018-03-24T20:37:25.429Z,,webhook,2018-03-24 20:37:25.429
Sat Mar 24 2018 21:38:13 GMT+0000 (UTC),ifttt-2018-03-24,1.0,,,,Room1Plug2,,,Activated,,,, ,2018-03-24T21:38:13.149Z,,webhook,2018-03-24 21:38:13.149
Sat Mar 24 2018 22:38:20 GMT+0000 (UTC),ifttt-2018-03-24,1.0,,,,Room1Plug2,,,Activated,,,, ,2018-03-24T22:38:20.712Z,,webhook,2018-03-24 22:38:20.712
Sat Mar 24 2018 22:52:23 GMT+0000 (UTC),ifttt-2018-03-24,1.0,,,,Room1Plug1,,,Deactivated,,,,,2018-03-24T22:52:23.993Z,,webhook,2018-03-24 22:52:23.993
Sun Mar 25 2018 00:07:07 GMT+0000 (UTC),ifttt-2018-03-25,1.0,,,,Room1Plug1,,,Deactivated,,,,,2018-03-25T00:07:07.260Z,,webhook,2018-03-25 00:07:07.260
Sun Mar 25 2018 00:53:09 GMT+0000 (UTC),ifttt-2018-03-25,1.0,,,,Room1Plug2,,,Activated,,,, ,2018-03-25T00:53:09.226Z,,webhook,2018-03-25 00:53:09.226
Sun Mar 25 2018 01:07:09 GMT+0000 (UTC),ifttt-2018-03-25,1.0,,,,Room1Plug1,,,Deactivated,,,,,2018-03-25T01:07:09.718Z,,webhook,2018-03-25 01:07:09.718
Sun Mar 25 2018 01:53:19 GMT+0000 (UTC),ifttt-2018-03-25,1.0,,,,Room1Plug2,,,Activated,,,, ,2018-03-25T01:53:19.884Z,,webhook,2018-03-25 01:53:19.884
Sun Mar 25 2018 02:07:13 GMT+0000 (UTC),ifttt-2018-03-25,1.0,,,,Room1Plug1,,,Deactivated,,,,,2018-03-25T02:07:13.214Z,,webhook,2018-03-25 02:07:13.214
Sun Mar 25 2018 02:53:50 GMT+0000 (UTC),ifttt-2018-03-25,1.0,,,,Room1Plug2,,,Activated,,,, ,2018-03-25T02:53:50.016Z,,webhook,2018-03-25 02:53:50.016
Sun Mar 25 2018 03:07:15 GMT+0000 (UTC),ifttt-2018-03-25,1.0,,,,Room1Plug1,,,Deactivated,,,,,2018-03-25T03:07:15.097Z,,webhook,2018-03-25 03:07:15.097
Sun Mar 25 2018 04:07:23 GMT+0000 (UTC),ifttt-2018-03-25,1.0,,,,Room1Plug1,,,Deactivated,,,,,2018-03-25T04:07:23.685Z,,webhook,2018-03-25 04:07:23.685
Sun Mar 25 2018 05:08:33 GMT+0000 (UTC),ifttt-2018-03-25,1.0,,,,Room1Plug2,,,Activated,,,, ,2018-03-25T05:08:33.053Z,,webhook,2018-03-25 05:08:33.053
Sun Mar 25 2018 05:22:17 GMT+0000 (UTC),ifttt-2018-03-25,1.0,,,,Room1Plug1,,,Deactivated,,,,,2018-03-25T05:22:17.328Z,,webhook,2018-03-25 05:22:17.328
Sun Mar 25 2018 06:37:15 GMT+0000 (UTC),ifttt-2018-03-25,1.0,,,,Room1Plug1,,,Deactivated,,,,,2018-03-25T06:37:15.594Z,,webhook,2018-03-25 06:37:15.594
Sun Mar 25 2018 07:37:42 GMT+0000 (UTC),ifttt-2018-03-25,1.0,,,,Room1Plug1,,,Deactivated,,,,,2018-03-25T07:37:42.380Z,,webhook,2018-03-25 07:37:42.380
Sun Mar 25 2018 08:23:05 GMT+0000 (UTC),ifttt-2018-03-25,1.0,,,,Room1Plug2,,,Activated,,,, ,2018-03-25T08:23:05.577Z,,webhook,2018-03-25 08:23:05.577
Sun Mar 25 2018 08:52:27 GMT+0000 (UTC),ifttt-2018-03-25,1.0,,,,Room1Plug1,,,Deactivated,,,,,2018-03-25T08:52:27.544Z,,webhook,2018-03-25 08:52:27.544
Sun Mar 25 2018 09:23:10 GMT+0000 (UTC),ifttt-2018-03-25,1.0,,,,Room1Plug2,,,Activated,,,, ,2018-03-25T09:23:10.838Z,,webhook,2018-03-25 09:23:10.838
Sun Mar 25 2018 10:07:29 GMT+0000 (UTC),ifttt-2018-03-25,1.0,,,,Room1Plug1,,,Deactivated,,,,,2018-03-25T10:07:29.546Z,,webhook,2018-03-25 10:07:29.546
Sun Mar 25 2018 10:23:25 GMT+0000 (UTC),ifttt-2018-03-25,1.0,,,,Room1Plug2,,,Activated,,,, ,2018-03-25T10:23:25.287Z,,webhook,2018-03-25 10:23:25.287
Sun Mar 25 2018 11:22:28 GMT+0000 (UTC),ifttt-2018-03-25,1.0,,,,Room1Plug1,,,Deactivated,,,,,2018-03-25T11:22:28.469Z,,webhook,2018-03-25 11:22:28.469
Sun Mar 25 2018 12:37:32 GMT+0000 (UTC),ifttt-2018-03-25,1.0,,,,Room1Plug1,,,Deactivated,,,,,2018-03-25T12:37:32.210Z,,webhook,2018-03-25 12:37:32.210
Sun Mar 25 2018 13:38:28 GMT+0000 (UTC),ifttt-2018-03-25,1.0,,,,Room1Plug2,,,Activated,,,, ,2018-03-25T13:38:28.482Z,,webhook,2018-03-25 13:38:28.482
Sun Mar 25 2018 13:52:10 GMT+0000 (UTC),ifttt-2018-03-25,1.0,,,,Room1Plug1,,,Deactivated,,,,,2018-03-25T13:52:10.920Z,,webhook,2018-03-25 13:52:10.920
Sun Mar 25 2018 14:52:28 GMT+0000 (UTC),ifttt-2018-03-25,1.0,,,,Room1Plug1,,,Deactivated,,,,,2018-03-25T14:52:28.874Z,,webhook,2018-03-25 14:52:28.874
Sun Mar 25 2018 15:42:22 GMT+0000 (UTC),ifttt-2018-03-25,1.0,,,,Room1Plug2,,,Activated,,,, ,2018-03-25T15:42:22.183Z,,webhook,2018-03-25 15:42:22.183
Sun Mar 25 2018 16:45:13 GMT+0000 (UTC),ifttt-2018-03-25,1.0,,,,Room1Plug2,,,Activated,,,, ,2018-03-25T16:45:13.287Z,,webhook,2018-03-25 16:45:13.287
Sun Mar 25 2018 17:07:15 GMT+0000 (UTC),ifttt-2018-03-25,1.0,,,,Room1Plug1,,,Deactivated,,,,,2018-03-25T17:07:15.172Z,,webhook,2018-03-25 17:07:15.172
Sun Mar 25 2018 18:53:11 GMT+0000 (UTC),ifttt-2018-03-25,1.0,,,,Room1Plug2,,,Activated,,,, ,2018-03-25T18:53:11.128Z,,webhook,2018-03-25 18:53:11.128
Sun Mar 25 2018 19:37:09 GMT+0000 (UTC),ifttt-2018-03-25,1.0,,,,Room1Plug1,,,Deactivated,,,,,2018-03-25T19:37:09.636Z,,webhook,2018-03-25 19:37:09.636
Sun Mar 25 2018 19:53:17 GMT+0000 (UTC),ifttt-2018-03-25,1.0,,,,Room1Plug2,,,Activated,,,, ,2018-03-25T19:53:17.775Z,,webhook,2018-03-25 19:53:17.775
Mon Mar 26 2018 13:22:08 GMT+0000 (UTC),ifttt-2018-03-26,1.0,,,,Room1Plug1,,,Deactivated,,,,,2018-03-26T13:22:08.159Z,,webhook,2018-03-26 13:22:08.159
Mon Mar 26 2018 14:22:18 GMT+0000 (UTC),ifttt-2018-03-26,1.0,,,,Room1Plug1,,,Deactivated,,,,,2018-03-26T14:22:18.453Z,,webhook,2018-03-26 14:22:18.453
Mon Mar 26 2018 14:38:35 GMT+0000 (UTC),ifttt-2018-03-26,1.0,,,,Room1Plug2,,,Activated,,,, ,2018-03-26T14:38:35.738Z,,webhook,2018-03-26 14:38:35.738
Mon Mar 26 2018 15:24:13 GMT+0000 (UTC),ifttt-2018-03-26,1.0,,,,Room1Plug1,,,Deactivated,,,,,2018-03-26T15:24:13.865Z,,webhook,2018-03-26 15:24:13.865
Mon Mar 26 2018 16:26:11 GMT+0000 (UTC),ifttt-2018-03-26,1.0,,,,Room1Plug1,,,Deactivated,,,,,2018-03-26T16:26:11.134Z,,webhook,2018-03-26 16:26:11.134
Mon Mar 26 2018 17:37:13 GMT+0000 (UTC),ifttt-2018-03-26,1.0,,,,Room1Plug1,,,Deactivated,,,,,2018-03-26T17:37:13.367Z,,webhook,2018-03-26 17:37:13.367
Mon Mar 26 2018 18:52:04 GMT+0000 (UTC),ifttt-2018-03-26,1.0,,,,Room1Plug1,,,Deactivated,,,,,2018-03-26T18:52:04.460Z,,webhook,2018-03-26 18:52:04.460
Mon Mar 26 2018 19:52:16 GMT+0000 (UTC),ifttt-2018-03-26,1.0,,,,Room1Plug1,,,Deactivated,,,,,2018-03-26T19:52:16.610Z,,webhook,2018-03-26 19:52:16.610
Mon Mar 26 2018 19:53:08 GMT+0000 (UTC),ifttt-2018-03-26,1.0,,,,Room1Plug2,,,Activated,,,, ,2018-03-26T19:53:08.797Z,,webhook,2018-03-26 19:53:08.797
Mon Mar 26 2018 21:07:17 GMT+0000 (UTC),ifttt-2018-03-26,1.0,,,,Room1Plug1,,,Deactivated,,,,,2018-03-26T21:07:17.305Z,,webhook,2018-03-26 21:07:17.305
Mon Mar 26 2018 22:22:37 GMT+0000 (UTC),ifttt-2018-03-26,1.0,,,,Room1Plug1,,,Deactivated,,,,,2018-03-26T22:22:37.739Z,,webhook,2018-03-26 22:22:37.739
Mon Mar 26 2018 23:37:26 GMT+0000 (UTC),ifttt-2018-03-26,1.0,,,,Room1Plug1,,,Deactivated,,,,,2018-03-26T23:37:26.915Z,,webhook,2018-03-26 23:37:26.915
Tue Mar 27 2018 00:52:16 GMT+0000 (UTC),ifttt-2018-03-27,1.0,,,,Room1Plug1,,,Deactivated,,,,,2018-03-27T00:52:16.772Z,,webhook,2018-03-27 00:52:16.772
Tue Mar 27 2018 02:07:27 GMT+0000 (UTC),ifttt-2018-03-27,1.0,,,,Room1Plug1,,,Deactivated,,,,,2018-03-27T02:07:27.412Z,,webhook,2018-03-27 02:07:27.412
Tue Mar 27 2018 03:08:17 GMT+0000 (UTC),ifttt-2018-03-27,1.0,,,,Room1Plug2,,,Activated,,,, ,2018-03-27T03:08:17.479Z,,webhook,2018-03-27 03:08:17.479
Tue Mar 27 2018 03:22:10 GMT+0000 (UTC),ifttt-2018-03-27,1.0,,,,Room1Plug1,,,Deactivated,,,,,2018-03-27T03:22:10.034Z,,webhook,2018-03-27 03:22:10.034
Tue Mar 27 2018 04:23:01 GMT+0000 (UTC),ifttt-2018-03-27,1.0,,,,Room1Plug1,,,Deactivated,,,,,2018-03-27T04:23:01.921Z,,webhook,2018-03-27 04:23:01.921
Tue Mar 27 2018 05:37:10 GMT+0000 (UTC),ifttt-2018-03-27,1.0,,,,Room1Plug1,,,Deactivated,,,,,2018-03-27T05:37:10.992Z,,webhook,2018-03-27 05:37:10.992
Tue Mar 27 2018 06:23:15 GMT+0000 (UTC),ifttt-2018-03-27,1.0,,,,Room1Plug2,,,Activated,,,, ,2018-03-27T06:23:15.896Z,,webhook,2018-03-27 06:23:15.896
Tue Mar 27 2018 06:37:12 GMT+0000 (UTC),ifttt-2018-03-27,1.0,,,,Room1Plug1,,,Deactivated,,,,,2018-03-27T06:37:12.703Z,,webhook,2018-03-27 06:37:12.703
Tue Mar 27 2018 07:23:20 GMT+0000 (UTC),ifttt-2018-03-27,1.0,,,,Room1Plug2,,,Activated,,,, ,2018-03-27T07:23:20.383Z,,webhook,2018-03-27 07:23:20.383
Tue Mar 27 2018 07:37:48 GMT+0000 (UTC),ifttt-2018-03-27,1.0,,,,Room1Plug1,,,Deactivated,,,,,2018-03-27T07:37:48.691Z,,webhook,2018-03-27 07:37:48.691
Tue Mar 27 2018 08:52:08 GMT+0000 (UTC),ifttt-2018-03-27,1.0,,,,Room1Plug1,,,Deactivated,,,,,2018-03-27T08:52:08.714Z,,webhook,2018-03-27 08:52:08.714
Tue Mar 27 2018 09:52:16 GMT+0000 (UTC),ifttt-2018-03-27,1.0,,,,Room1Plug1,,,Deactivated,,,,,2018-03-27T09:52:16.334Z,,webhook,2018-03-27 09:52:16.334
Tue Mar 27 2018 10:38:23 GMT+0000 (UTC),ifttt-2018-03-27,1.0,,,,Room1Plug2,,,Activated,,,, ,2018-03-27T10:38:23.530Z,,webhook,2018-03-27 10:38:23.530
Tue Mar 27 2018 11:07:07 GMT+0000 (UTC),ifttt-2018-03-27,1.0,,,,Room1Plug1,,,Deactivated,,,,,2018-03-27T11:07:07.103Z,,webhook,2018-03-27 11:07:07.103
Tue Mar 27 2018 12:07:16 GMT+0000 (UTC),ifttt-2018-03-27,1.0,,,,Room1Plug1,,,Deactivated,,,,,2018-03-27T12:07:16.141Z,,webhook,2018-03-27 12:07:16.141
Tue Mar 27 2018 13:07:21 GMT+0000 (UTC),ifttt-2018-03-27,1.0,,,,Room1Plug1,,,Deactivated,,,,,2018-03-27T13:07:21.722Z,,webhook,2018-03-27 13:07:21.722
Tue Mar 27 2018 14:07:35 GMT+0000 (UTC),ifttt-2018-03-27,1.0,,,,Room1Plug1,,,Deactivated,,,,,2018-03-27T14:07:35.579Z,,webhook,2018-03-27 14:07:35.579
Tue Mar 27 2018 15:08:14 GMT+0000 (UTC),ifttt-2018-03-27,1.0,,,,Room1Plug1,,,Deactivated,,,,,2018-03-27T15:08:14.818Z,,webhook,2018-03-27 15:08:14.818
Tue Mar 27 2018 16:23:21 GMT+0000 (UTC),ifttt-2018-03-27,1.0,,,,Room1Plug1,,,Deactivated,,,,,2018-03-27T16:23:21.633Z,,webhook,2018-03-27 16:23:21.633
Tue Mar 27 2018 16:24:04 GMT+0000 (UTC),ifttt-2018-03-27,1.0,,,,Room1Plug2,,,Activated,,,, ,2018-03-27T16:24:04.336Z,,webhook,2018-03-27 16:24:04.336
Tue Mar 27 2018 16:34:10 GMT+0000 (UTC),ifttt-2018-03-27,1.0,,,,FrontLock1,,,Unlocked,,,,,2018-03-27T16:34:10.574Z, Manual Unlock,webhook,2018-03-27 16:34:10.574
Tue Mar 27 2018 16:48:51 GMT+0000 (UTC),ifttt-2018-03-27,1.0,Manual Lock,,,FrontLock1,,,Locked,,,,,2018-03-27T16:48:51.097Z,,webhook,2018-03-27 16:48:51.097
Tue Mar 27 2018 16:49:03 GMT+0000 (UTC),ifttt-2018-03-27,1.0,Manny Kin,,,FrontLock1,,,Locked,,,,,2018-03-27T16:49:03.099Z,,webhook,2018-03-27 16:49:03.099
Tue Mar 27 2018 16:53:14 GMT+0000 (UTC),ifttt-2018-03-27,1.0,,,,FrontLock1,,,Unlocked,,,,,2018-03-27T16:53:14.477Z, Manual Unlock,webhook,2018-03-27 16:53:14.477
Tue Mar 27 2018 16:55:13 GMT+0000 (UTC),ifttt-2018-03-27,1.0,Manny Kin,,,FrontLock1,,,Locked,,,,,2018-03-27T16:55:13.782Z,,webhook,2018-03-27 16:55:13.782
Tue Mar 27 2018 16:55:39 GMT+0000 (UTC),ifttt-2018-03-27,1.0,,,,FrontLock1,,,Unlocked,,,,,2018-03-27T16:55:39.689Z, Manual Unlock,webhook,2018-03-27 16:55:39.689
Tue Mar 27 2018 16:57:21 GMT+0000 (UTC),ifttt-2018-03-27,1.0,Manny Kin,,,FrontLock1,,,Locked,,,,,2018-03-27T16:57:21.987Z,,webhook,2018-03-27 16:57:21.987
Tue Mar 27 2018 16:57:33 GMT+0000 (UTC),ifttt-2018-03-27,1.0,Manny Kin,,,FrontLock1,,,Locked,,,,,2018-03-27T16:57:33.766Z,,webhook,2018-03-27 16:57:33.766
Tue Mar 27 2018 16:57:58 GMT+0000 (UTC),ifttt-2018-03-27,1.0,,,,FrontLock1,,,Unlocked,,,,,2018-03-27T16:57:58.098Z, Manual Unlock,webhook,2018-03-27 16:57:58.098
Tue Mar 27 2018 16:58:50 GMT+0000 (UTC),ifttt-2018-03-27,1.0,Manny Kin,,,FrontLock1,,,Locked,,,,,2018-03-27T16:58:50.669Z,,webhook,2018-03-27 16:58:50.669
Tue Mar 27 2018 17:01:15 GMT+0000 (UTC),ifttt-2018-03-27,1.0,,,,FrontLock1,,,Unlocked,,,,,2018-03-27T17:01:15.636Z, Manual Unlock,webhook,2018-03-27 17:01:15.636
Tue Mar 27 2018 18:25:53 GMT+0000 (UTC),ifttt-2018-03-27,1.0,Manual Lock,,,FrontLock1,,,Locked,,,,,2018-03-27T18:25:53.122Z,,webhook,2018-03-27 18:25:53.122
Tue Mar 27 2018 18:26:05 GMT+0000 (UTC),ifttt-2018-03-27,1.0,,,,FrontLock1,,,Unlocked,,,,,2018-03-27T18:26:05.236Z, Manny Kin,webhook,2018-03-27 18:26:05.236
Tue Mar 27 2018 18:26:15 GMT+0000 (UTC),ifttt-2018-03-27,1.0,,Voice Activation,,Alexa,10,,,,Room1Lamp,7,,2018-03-27T18:26:15.753Z,,webhook,2018-03-27 18:26:15.753
Tue Mar 27 2018 18:50:59 GMT+0000 (UTC),ifttt-2018-03-27,1.0,Manual Lock,,,FrontLock1,,,Locked,,,,,2018-03-27T18:50:59.534Z,,webhook,2018-03-27 18:50:59.534
Tue Mar 27 2018 18:52:17 GMT+0000 (UTC),ifttt-2018-03-27,1.0,,,,FrontLock1,,,Unlocked,,,,,2018-03-27T18:52:17.797Z, Manny Kin,webhook,2018-03-27 18:52:17.797
Tue Mar 27 2018 18:52:26 GMT+0000 (UTC),ifttt-2018-03-27,1.0,,Voice Activation,,Alexa,10,,,,Room1Lamp,7,,2018-03-27T18:52:26.487Z,,webhook,2018-03-27 18:52:26.487
Tue Mar 27 2018 18:53:12 GMT+0000 (UTC),ifttt-2018-03-27,1.0,Manual Lock,,,FrontLock1,,,Locked,,,,,2018-03-27T18:53:12.275Z,,webhook,2018-03-27 18:53:12.275
Tue Mar 27 2018 19:03:06 GMT+0000 (UTC),ifttt-2018-03-27,1.0,,,,FrontLock1,,,Unlocked,,,,,2018-03-27T19:03:06.699Z, Manny Kin,webhook,2018-03-27 19:03:06.699
Tue Mar 27 2018 19:03:24 GMT+0000 (UTC),ifttt-2018-03-27,1.0,,Voice Activation,,Alexa,10,,,,Room1Lamp,7,,2018-03-27T19:03:24.748Z,,webhook,2018-03-27 19:03:24.748
Tue Mar 27 2018 19:03:52 GMT+0000 (UTC),ifttt-2018-03-27,1.0,,Voice Activation,,Alexa,10,,,,Room1Lamp,7,,2018-03-27T19:03:52.384Z,,webhook,2018-03-27 19:03:52.384
Tue Mar 27 2018 19:04:00 GMT+0000 (UTC),ifttt-2018-03-27,1.0,Manny Kin,,,FrontLock1,,,Locked,,,,,2018-03-27T19:04:00.993Z,,webhook,2018-03-27 19:04:00.993
Tue Mar 27 2018 19:24:19 GMT+0000 (UTC),ifttt-2018-03-27,1.0,,Voice Deactivation,,Alexa,10,,,,Room1Lamp,7,,2018-03-27T19:24:19.898Z,,webhook,2018-03-27 19:24:19.898
Tue Mar 27 2018 19:34:23 GMT+0000 (UTC),ifttt-2018-03-27,1.0,,,,Room1Plug1,,,Activated,,,,,2018-03-27T19:34:23.751Z,,webhook,2018-03-27 19:34:23.751
Tue Mar 27 2018 20:34:25 GMT+0000 (UTC),ifttt-2018-03-27,1.0,,,,Room1Plug1,,,Activated,,,,,2018-03-27T20:34:25.841Z,,webhook,2018-03-27 20:34:25.841
Tue Mar 27 2018 21:02:13 GMT+0000 (UTC),ifttt-2018-03-27,1.0,,,,FrontLock1,,,Unlocked,,,,,2018-03-27T21:02:13.584Z, Manual Unlock,webhook,2018-03-27 21:02:13.584
Wed Mar 28 2018 15:16:08 GMT+0000 (UTC),ifttt-2018-03-28,1.0,,,,Room1Plug1,,,Activated,,,,,2018-03-28T15:16:08.774Z,,webhook,2018-03-28 15:16:08.774
Wed Mar 28 2018 15:25:48 GMT+0000 (UTC),ifttt-2018-03-28,1.0,,Voice Deactivation,,Alexa,10,,,,Room1Lamp,7,,2018-03-28T15:25:48.060Z,,webhook,2018-03-28 15:25:48.060
Wed Mar 28 2018 15:26:38 GMT+0000 (UTC),ifttt-2018-03-28,1.0,,Voice Deactivation,,Alexa,10,,,,Room1Lamp,7,,2018-03-28T15:26:38.650Z,,webhook,2018-03-28 15:26:38.650
Wed Mar 28 2018 15:26:52 GMT+0000 (UTC),ifttt-2018-03-28,1.0,,Voice Deactivation,,Alexa,10,,,,Room1Lamp,7,,2018-03-28T15:26:52.650Z,,webhook,2018-03-28 15:26:52.650
Wed Mar 28 2018 15:27:34 GMT+0000 (UTC),ifttt-2018-03-28,1.0,,Voice Deactivation,,Alexa,10,,,,Room1Lamp,7,,2018-03-28T15:27:34.427Z,,webhook,2018-03-28 15:27:34.427
Wed Mar 28 2018 15:27:50 GMT+0000 (UTC),ifttt-2018-03-28,1.0,,Voice Deactivation,,Alexa,10,,,,Room1Lamp,7,,2018-03-28T15:27:50.007Z,,webhook,2018-03-28 15:27:50.007
Wed Mar 28 2018 15:28:33 GMT+0000 (UTC),ifttt-2018-03-28,1.0,,Voice Deactivation,,Alexa,10,,,,Room1Lamp,7,,2018-03-28T15:28:33.002Z,,webhook,2018-03-28 15:28:33.002
Wed Mar 28 2018 15:28:43 GMT+0000 (UTC),ifttt-2018-03-28,1.0,,Voice Deactivation,,Alexa,10,,,,Room1Lamp,7,,2018-03-28T15:28:43.857Z,,webhook,2018-03-28 15:28:43.857
Wed Mar 28 2018 15:29:55 GMT+0000 (UTC),ifttt-2018-03-28,1.0,,Voice Deactivation,,Alexa,10,,,,Room1Lamp,7,,2018-03-28T15:29:55.329Z,,webhook,2018-03-28 15:29:55.329
Wed Mar 28 2018 15:30:43 GMT+0000 (UTC),ifttt-2018-03-28,1.0,,Voice Deactivation,,Alexa,10,,,,Room1Lamp,7,,2018-03-28T15:30:43.976Z,,webhook,2018-03-28 15:30:43.976
Wed Mar 28 2018 15:31:08 GMT+0000 (UTC),ifttt-2018-03-28,1.0,,Voice Deactivation,,Alexa,10,,,,Room1Lamp,7,,2018-03-28T15:31:08.253Z,,webhook,2018-03-28 15:31:08.253
Wed Mar 28 2018 15:31:42 GMT+0000 (UTC),ifttt-2018-03-28,1.0,,Voice Deactivation,,Alexa,10,,,,Room1Lamp,7,,2018-03-28T15:31:42.959Z,,webhook,2018-03-28 15:31:42.959
Wed Mar 28 2018 15:31:43 GMT+0000 (UTC),ifttt-2018-03-28,1.0,,Voice Deactivation,,Alexa,10,,,,Room1Lamp,7,,2018-03-28T15:31:43.471Z,,webhook,2018-03-28 15:31:43.471
Wed Mar 28 2018 15:32:15 GMT+0000 (UTC),ifttt-2018-03-28,1.0,,Voice Deactivation,,Alexa,10,,,,Room1Lamp,7,,2018-03-28T15:32:15.324Z,,webhook,2018-03-28 15:32:15.324
Wed Mar 28 2018 15:38:20 GMT+0000 (UTC),ifttt-2018-03-28,1.0,,,,Room1Plug2,,,Activated,,,, ,2018-03-28T15:38:20.711Z,,webhook,2018-03-28 15:38:20.711
Wed Mar 28 2018 15:38:35 GMT+0000 (UTC),ifttt-2018-03-28,1.0,,,,Room1Lamp,,,Activated,,,,,2018-03-28T15:38:35.133Z,,webhook,2018-03-28 15:38:35.133
Wed Mar 28 2018 15:44:22 GMT+0000 (UTC),ifttt-2018-03-28,1.0,,,,Room1Plug2,,,Activated,,,, ,2018-03-28T15:44:22.916Z,,webhook,2018-03-28 15:44:22.916
Wed Mar 28 2018 15:52:00 GMT+0000 (UTC),ifttt-2018-03-28,1.0,,Voice Deactivation,,Alexa,10,,,,Room1Lamp,7,,2018-03-28T15:52:00.858Z,,webhook,2018-03-28 15:52:00.858
Wed Mar 28 2018 15:52:01 GMT+0000 (UTC),ifttt-2018-03-28,1.0,,Voice Deactivation,,Alexa,10,,,,Room1Lamp,7,,2018-03-28T15:52:01.456Z,,webhook,2018-03-28 15:52:01.456
Wed Mar 28 2018 15:52:29 GMT+0000 (UTC),ifttt-2018-03-28,1.0,,Voice Deactivation,,Alexa,10,,,,Room1Lamp,7,,2018-03-28T15:52:29.816Z,,webhook,2018-03-28 15:52:29.816
Wed Mar 28 2018 15:53:09 GMT+0000 (UTC),ifttt-2018-03-28,1.0,,Voice Deactivation,,Alexa,10,,,,Room1Lamp,7,,2018-03-28T15:53:09.036Z,,webhook,2018-03-28 15:53:09.036
Wed Mar 28 2018 15:54:51 GMT+0000 (UTC),ifttt-2018-03-28,1.0,,Voice Deactivation,,Alexa,10,,,,Room1Lamp,7,,2018-03-28T15:54:51.617Z,,webhook,2018-03-28 15:54:51.617
Wed Mar 28 2018 15:55:16 GMT+0000 (UTC),ifttt-2018-03-28,1.0,,Voice Deactivation,,Alexa,10,,,,Room1Lamp,7,,2018-03-28T15:55:16.528Z,,webhook,2018-03-28 15:55:16.528
Wed Mar 28 2018 15:56:05 GMT+0000 (UTC),ifttt-2018-03-28,1.0,,Voice Deactivation,,Alexa,10,,,,Room1Lamp,7,,2018-03-28T15:56:05.475Z,,webhook,2018-03-28 15:56:05.475
Wed Mar 28 2018 15:57:09 GMT+0000 (UTC),ifttt-2018-03-28,1.0,,Voice Deactivation,,Alexa,10,,,,Room1Lamp,7,,2018-03-28T15:57:09.889Z,,webhook,2018-03-28 15:57:09.889
Wed Mar 28 2018 16:00:32 GMT+0000 (UTC),ifttt-2018-03-28,1.0,,Voice Deactivation,,Alexa,10,,,,Room1Lamp,7,,2018-03-28T16:00:32.953Z,,webhook,2018-03-28 16:00:32.953
Wed Mar 28 2018 16:18:26 GMT+0000 (UTC),ifttt-2018-03-28,1.0,,,,Room1Plug1,,,Activated,,,,,2018-03-28T16:18:26.689Z,,webhook,2018-03-28 16:18:26.689
Wed Mar 28 2018 16:20:41 GMT+0000 (UTC),ifttt-2018-03-28,1.0,,Voice Deactivation,,Alexa,10,,,,Room1Lamp,7,,2018-03-28T16:20:41.503Z,,webhook,2018-03-28 16:20:41.503
Wed Mar 28 2018 16:45:43 GMT+0000 (UTC),ifttt-2018-03-28,1.0,,,,Room1Plug2,,,Activated,,,, ,2018-03-28T16:45:43.054Z,,webhook,2018-03-28 16:45:43.054
Wed Mar 28 2018 17:05:27 GMT+0000 (UTC),ifttt-2018-03-28,1.0,,,,Room1Lamp,,,Activated,,,,,2018-03-28T17:05:27.945Z,,webhook,2018-03-28 17:05:27.945
Wed Mar 28 2018 17:19:31 GMT+0000 (UTC),ifttt-2018-03-28,1.0,,,,Room1Plug1,,,Activated,,,,,2018-03-28T17:19:31.488Z,,webhook,2018-03-28 17:19:31.488
Wed Mar 28 2018 17:22:22 GMT+0000 (UTC),ifttt-2018-03-28,1.0,Manual Lock,,,FrontLock1,,,Locked,,,,,2018-03-28T17:22:22.866Z,,webhook,2018-03-28 17:22:22.866
Wed Mar 28 2018 17:22:43 GMT+0000 (UTC),ifttt-2018-03-28,1.0,,,,FrontLock1,,,Unlocked,,,,,2018-03-28T17:22:43.087Z, Manual Unlock,webhook,2018-03-28 17:22:43.087
Wed Mar 28 2018 17:51:41 GMT+0000 (UTC),ifttt-2018-03-28,1.0,Manny Kin,,,FrontLock1,,,Locked,,,,,2018-03-28T17:51:41.080Z,,webhook,2018-03-28 17:51:41.080
Wed Mar 28 2018 17:51:47 GMT+0000 (UTC),ifttt-2018-03-28,1.0,,,,FrontLock1,,,Unlocked,,,,,2018-03-28T17:51:47.529Z, Manny Kin,webhook,2018-03-28 17:51:47.529
Wed Mar 28 2018 17:52:29 GMT+0000 (UTC),ifttt-2018-03-28,1.0,,Voice Deactivation,,Alexa,10,,,,Room1Lamp,7,,2018-03-28T17:52:29.108Z,,webhook,2018-03-28 17:52:29.108
Wed Mar 28 2018 17:55:23 GMT+0000 (UTC),ifttt-2018-03-28,1.0,,Voice Deactivation,,Alexa,10,,,,Room1Lamp,7,,2018-03-28T17:55:23.741Z,,webhook,2018-03-28 17:55:23.741
Wed Mar 28 2018 17:56:02 GMT+0000 (UTC),ifttt-2018-03-28,1.0,Manny Kin,,,FrontLock1,,,Locked,,,,,2018-03-28T17:56:02.409Z,,webhook,2018-03-28 17:56:02.409
Wed Mar 28 2018 17:56:26 GMT+0000 (UTC),ifttt-2018-03-28,1.0,,,,FrontLock1,,,Unlocked,,,,,2018-03-28T17:56:26.783Z, Manual Unlock,webhook,2018-03-28 17:56:26.783
Wed Mar 28 2018 17:56:39 GMT+0000 (UTC),ifttt-2018-03-28,1.0,Manny Kin,,,FrontLock1,,,Locked,,,,,2018-03-28T17:56:39.481Z,,webhook,2018-03-28 17:56:39.481
Wed Mar 28 2018 17:56:49 GMT+0000 (UTC),ifttt-2018-03-28,1.0,,,,FrontLock1,,,Unlocked,,,,,2018-03-28T17:56:49.254Z, Manual Unlock,webhook,2018-03-28 17:56:49.254
Wed Mar 28 2018 19:04:19 GMT+0000 (UTC),ifttt-2018-03-28,1.0,,Voice Deactivation,,Alexa,10,,,,Room1Lamp,7,,2018-03-28T19:04:19.749Z,,webhook,2018-03-28 19:04:19.749
Wed Mar 28 2018 19:53:34 GMT+0000 (UTC),ifttt-2018-03-28,1.0,,,,Room1Plug2,,,Activated,,,, ,2018-03-28T19:53:34.989Z,,webhook,2018-03-28 19:53:34.989
Thu Mar 29 2018 00:08:16 GMT+0000 (UTC),ifttt-2018-03-29,1.0,,,,Room1Plug2,,,Activated,,,, ,2018-03-29T00:08:16.891Z,,webhook,2018-03-29 00:08:16.891
Thu Mar 29 2018 00:34:29 GMT+0000 (UTC),ifttt-2018-03-29,1.0,,,,Room1Plug1,,,Activated,,,,,2018-03-29T00:34:29.191Z,,webhook,2018-03-29 00:34:29.191
Thu Mar 29 2018 01:08:20 GMT+0000 (UTC),ifttt-2018-03-29,1.0,,,,Room1Plug2,,,Activated,,,, ,2018-03-29T01:08:20.976Z,,webhook,2018-03-29 01:08:20.976
Thu Mar 29 2018 06:49:08 GMT+0000 (UTC),ifttt-2018-03-29,1.0,,,,Room1Plug1,,,Activated,,,,,2018-03-29T06:49:08.652Z,,webhook,2018-03-29 06:49:08.652
Thu Mar 29 2018 07:49:24 GMT+0000 (UTC),ifttt-2018-03-29,1.0,,,,Room1Plug1,,,Activated,,,,,2018-03-29T07:49:24.408Z,,webhook,2018-03-29 07:49:24.408
Thu Mar 29 2018 08:23:06 GMT+0000 (UTC),ifttt-2018-03-29,1.0,,,,Room1Plug2,,,Activated,,,, ,2018-03-29T08:23:06.461Z,,webhook,2018-03-29 08:23:06.461
Thu Mar 29 2018 09:26:04 GMT+0000 (UTC),ifttt-2018-03-29,1.0,,,,Room1Plug2,,,Activated,,,, ,2018-03-29T09:26:04.308Z,,webhook,2018-03-29 09:26:04.308
Thu Mar 29 2018 10:26:11 GMT+0000 (UTC),ifttt-2018-03-29,1.0,,,,Room1Plug2,,,Activated,,,, ,2018-03-29T10:26:11.439Z,,webhook,2018-03-29 10:26:11.439
Thu Mar 29 2018 11:26:25 GMT+0000 (UTC),ifttt-2018-03-29,1.0,,,,Room1Plug2,,,Activated,,,, ,2018-03-29T11:26:25.779Z,,webhook,2018-03-29 11:26:25.779
Thu Mar 29 2018 12:31:19 GMT+0000 (UTC),ifttt-2018-03-29,1.0,,,,Room1Plug2,,,Activated,,,, ,2018-03-29T12:31:19.255Z,,webhook,2018-03-29 12:31:19.255
Thu Mar 29 2018 13:31:26 GMT+0000 (UTC),ifttt-2018-03-29,1.0,,,,Room1Plug2,,,Activated,,,, ,2018-03-29T13:31:26.926Z,,webhook,2018-03-29 13:31:26.926
Thu Mar 29 2018 14:32:05 GMT+0000 (UTC),ifttt-2018-03-29,1.0,,,,Room1Plug2,,,Activated,,,, ,2018-03-29T14:32:05.740Z,,webhook,2018-03-29 14:32:05.740
Thu Mar 29 2018 16:07:11 GMT+0000 (UTC),ifttt-2018-03-29,1.0,,,,Room1Plug1,,,Activated,,,,,2018-03-29T16:07:11.549Z,,webhook,2018-03-29 16:07:11.549
Thu Mar 29 2018 16:18:28 GMT+0000 (UTC),ifttt-2018-03-29,1.0,,play music,,Alexa,,,,,,," March 29, 2018 at 12:18PM",2018-03-29T16:18:28.224Z,,webhook,2018-03-29 16:18:28.224
Thu Mar 29 2018 16:21:32 GMT+0000 (UTC),ifttt-2018-03-29,1.0,,Voice Deactivation,,Google Echo,11,,,,Room1Lamp,7,,2018-03-29T16:21:32.959Z,,webhook,2018-03-29 16:21:32.959
Thu Mar 29 2018 16:22:14 GMT+0000 (UTC),ifttt-2018-03-29,1.0,,Voice Deactivation,,Google Echo,11,,,,Room1Lamp,7,,2018-03-29T16:22:14.941Z,,webhook,2018-03-29 16:22:14.941
Thu Mar 29 2018 16:23:06 GMT+0000 (UTC),ifttt-2018-03-29,1.0,,Voice Deactivation,,Alexa,10,,,,Room1Lamp,7,,2018-03-29T16:23:06.642Z,,webhook,2018-03-29 16:23:06.642
Thu Mar 29 2018 16:23:39 GMT+0000 (UTC),ifttt-2018-03-29,1.0,,Voice Deactivation,,Google Echo,11,,,,Room1Lamp,7,,2018-03-29T16:23:39.835Z,,webhook,2018-03-29 16:23:39.835
Thu Mar 29 2018 16:26:15 GMT+0000 (UTC),ifttt-2018-03-29,1.0,,,,Room1Lamp,,,Activated,,,,,2018-03-29T16:26:15.198Z,,webhook,2018-03-29 16:26:15.198
Thu Mar 29 2018 16:34:24 GMT+0000 (UTC),ifttt-2018-03-29,1.0,,,,FrontLock1,,,Unlocked,,,,,2018-03-29T16:34:24.972Z, Manual Unlock,webhook,2018-03-29 16:34:24.972
Thu Mar 29 2018 16:34:25 GMT+0000 (UTC),ifttt-2018-03-29,1.0,Manual Lock,,,FrontLock1,,,Locked,,,,,2018-03-29T16:34:25.618Z,,webhook,2018-03-29 16:34:25.618
Thu Mar 29 2018 16:34:26 GMT+0000 (UTC),ifttt-2018-03-29,1.0,Manual Lock,,,FrontLock1,,,Locked,,,,,2018-03-29T16:34:26.611Z,,webhook,2018-03-29 16:34:26.611
Thu Mar 29 2018 16:34:27 GMT+0000 (UTC),ifttt-2018-03-29,1.0,Manual Lock,,,FrontLock1,,,Locked,,,,,2018-03-29T16:34:27.021Z,,webhook,2018-03-29 16:34:27.021
Thu Mar 29 2018 16:34:29 GMT+0000 (UTC),ifttt-2018-03-29,1.0,,,,FrontLock1,,,Unlocked,,,,,2018-03-29T16:34:29.482Z, Manual Unlock,webhook,2018-03-29 16:34:29.482
Thu Mar 29 2018 16:36:02 GMT+0000 (UTC),ifttt-2018-03-29,1.0,,,,Room1Plug2,,,Activated,,,, ,2018-03-29T16:36:02.257Z,,webhook,2018-03-29 16:36:02.257
Thu Mar 29 2018 17:06:12 GMT+0000 (UTC),ifttt-2018-03-29,1.0,,,,Room1Lamp,,,Activated,,,,,2018-03-29T17:06:12.744Z,,webhook,2018-03-29 17:06:12.744
Thu Mar 29 2018 17:07:17 GMT+0000 (UTC),ifttt-2018-03-29,1.0,,,,Room1Plug1,,,Activated,,,,,2018-03-29T17:07:17.567Z,,webhook,2018-03-29 17:07:17.567
Thu Mar 29 2018 17:07:55 GMT+0000 (UTC),ifttt-2018-03-29,1.0,,Voice Deactivation,,Google Echo,11,,,,Room1Lamp,7,,2018-03-29T17:07:55.249Z,,webhook,2018-03-29 17:07:55.249
Thu Mar 29 2018 17:07:57 GMT+0000 (UTC),ifttt-2018-03-29,1.0,,Voice Deactivation,,Alexa,10,,,,Room1Lamp,7,,2018-03-29T17:07:57.807Z,,webhook,2018-03-29 17:07:57.807
Thu Mar 29 2018 17:08:12 GMT+0000 (UTC),ifttt-2018-03-29,1.0,,Voice Activation,,Alexa,10,,,,Room1Lamp,7,,2018-03-29T17:08:12.238Z,,webhook,2018-03-29 17:08:12.238
Thu Mar 29 2018 17:08:42 GMT+0000 (UTC),ifttt-2018-03-29,1.0,,Voice Activation,,Alexa,10,,,,Room1Lamp,7,,2018-03-29T17:08:42.048Z,,webhook,2018-03-29 17:08:42.048
Thu Mar 29 2018 17:09:08 GMT+0000 (UTC),ifttt-2018-03-29,1.0,,Voice Deactivation,,Alexa,10,,,,Room1Lamp,7,,2018-03-29T17:09:08.784Z,,webhook,2018-03-29 17:09:08.784
Thu Mar 29 2018 17:09:33 GMT+0000 (UTC),ifttt-2018-03-29,1.0,,Voice Activation,,Alexa,10,,,,Room1Lamp,7,,2018-03-29T17:09:33.759Z,,webhook,2018-03-29 17:09:33.759
Thu Mar 29 2018 17:10:22 GMT+0000 (UTC),ifttt-2018-03-29,1.0,,play music,,Alexa,,,,,,," March 29, 2018 at 01:10PM",2018-03-29T17:10:22.236Z,,webhook,2018-03-29 17:10:22.236
Thu Mar 29 2018 17:11:09 GMT+0000 (UTC),ifttt-2018-03-29,1.0,,,,Room1Lamp,,,Activated,,,,,2018-03-29T17:11:09.100Z,,webhook,2018-03-29 17:11:09.100
Thu Mar 29 2018 17:28:04 GMT+0000 (UTC),ifttt-2018-03-29,1.0,Manual Lock,,,FrontLock1,,,Locked,,,,,2018-03-29T17:28:04.625Z,,webhook,2018-03-29 17:28:04.625
Thu Mar 29 2018 17:28:16 GMT+0000 (UTC),ifttt-2018-03-29,1.0,,,,FrontLock1,,,Unlocked,,,,,2018-03-29T17:28:16.094Z, Manny Kin,webhook,2018-03-29 17:28:16.094
Thu Mar 29 2018 17:28:37 GMT+0000 (UTC),ifttt-2018-03-29,1.0,,Voice Deactivation,,Alexa,10,,,,Room1Lamp,7,,2018-03-29T17:28:37.769Z,,webhook,2018-03-29 17:28:37.769
Thu Mar 29 2018 17:28:49 GMT+0000 (UTC),ifttt-2018-03-29,1.0,,play music,,Alexa,,,,,,," March 29, 2018 at 01:28PM",2018-03-29T17:28:49.660Z,,webhook,2018-03-29 17:28:49.660
Thu Mar 29 2018 17:28:59 GMT+0000 (UTC),ifttt-2018-03-29,1.0,,Voice Deactivation,,Alexa,10,,,,Room1Lamp,7,,2018-03-29T17:28:59.527Z,,webhook,2018-03-29 17:28:59.527
Thu Mar 29 2018 17:29:25 GMT+0000 (UTC),ifttt-2018-03-29,1.0,,Voice Deactivation,,Alexa,10,,,,Room1Lamp,7,,2018-03-29T17:29:25.627Z,,webhook,2018-03-29 17:29:25.627
Thu Mar 29 2018 17:29:42 GMT+0000 (UTC),ifttt-2018-03-29,1.0,Manual Lock,,,FrontLock1,,,Locked,,,,,2018-03-29T17:29:42.093Z,,webhook,2018-03-29 17:29:42.093
Thu Mar 29 2018 17:30:06 GMT+0000 (UTC),ifttt-2018-03-29,1.0,,,,FrontLock1,,,Unlocked,,,,,2018-03-29T17:30:06.379Z, Manny Kin,webhook,2018-03-29 17:30:06.379
Thu Mar 29 2018 17:30:29 GMT+0000 (UTC),ifttt-2018-03-29,1.0,,play music,,Alexa,,,,,,," March 29, 2018 at 01:30PM",2018-03-29T17:30:29.373Z,,webhook,2018-03-29 17:30:29.373
Thu Mar 29 2018 17:31:15 GMT+0000 (UTC),ifttt-2018-03-29,1.0,,Voice Deactivation,,Alexa,10,,,,Room1Lamp,7,,2018-03-29T17:31:15.093Z,,webhook,2018-03-29 17:31:15.093
Thu Mar 29 2018 17:31:25 GMT+0000 (UTC),ifttt-2018-03-29,1.0,,,PIR event,,,Exterior-Front Door,,,,,,2018-03-29T17:31:25.848Z,,webhook,2018-03-29 17:31:25.848
Thu Mar 29 2018 17:31:26 GMT+0000 (UTC),ifttt-2018-03-29,1.0,,,PIR event,,,Exterior-Front Door,,,,,,2018-03-29T17:31:26.970Z,,webhook,2018-03-29 17:31:26.970
Thu Mar 29 2018 17:31:27 GMT+0000 (UTC),ifttt-2018-03-29,1.0,,,PIR event,,,Exterior-Front Door,,,,,,2018-03-29T17:31:27.892Z,,webhook,2018-03-29 17:31:27.892
Thu Mar 29 2018 17:31:28 GMT+0000 (UTC),ifttt-2018-03-29,1.0,,,PIR event,,,Exterior-Front Door,,,,,,2018-03-29T17:31:28.716Z,,webhook,2018-03-29 17:31:28.716
Thu Mar 29 2018 17:31:29 GMT+0000 (UTC),ifttt-2018-03-29,1.0,,,PIR event,,,Exterior-Front Door,,,,,,2018-03-29T17:31:29.225Z,,webhook,2018-03-29 17:31:29.225
Thu Mar 29 2018 17:31:35 GMT+0000 (UTC),ifttt-2018-03-29,1.0,Manny Kin,,,FrontLock1,,,Locked,,,,,2018-03-29T17:31:35.740Z,,webhook,2018-03-29 17:31:35.740
Thu Mar 29 2018 17:34:03 GMT+0000 (UTC),ifttt-2018-03-29,1.0,,Voice Activation,,Alexa,10,,,,Room1Lamp,7,,2018-03-29T17:34:03.059Z,,webhook,2018-03-29 17:34:03.059
Thu Mar 29 2018 17:34:12 GMT+0000 (UTC),ifttt-2018-03-29,1.0,,Voice Activation,,Alexa,10,,,,Room1Lamp,7,,2018-03-29T17:34:12.236Z,,webhook,2018-03-29 17:34:12.236
Tue Mar 20 2018 17:34:48 GMT+0000 (UTC),ifttt-2018-03-20,1.0,,,,,,,Unlocked,Lock1,,,,,,webhook,
Tue Mar 20 2018 17:34:46 GMT+0000 (UTC),ifttt-2018-03-20,1.0,,,,,,,Unlocked,Lock1,,,,,,webhook,
Tue Mar 20 2018 17:34:47 GMT+0000 (UTC),ifttt-2018-03-20,1.0,,,,,,,Unlocked,Lock1,,,,,,webhook,
